StudyInstanceUID,ACL,MCL,Medial Meniscus,Lateral Meniscus,Medial OA,Lateral OA,PF OA,Effusion,Synovitis,Baker's,Contusion,Fracture
1.2.826.0.1.3680043.8.498.10095687747295410396510538520594649149,0,0,0,0,0,0,1,1,0,0,0,0
1.2.826.0.1.3680043.8.498.10170898615867673028696505248839028269,0,0,0,1,0,0,1,0,1,0,0,0
1.2.826.0.1.3680043.8.498.10306159113324811538703788080836752052,0,0,1,0,1,0,1,0,1,0,0,0
1.2.826.0.1.3680043.8.498.11287937729196958426538087439102017580,0,0,0,0,0,0,0,1,0,0,0,0
1.2.826.0.1.3680043.8.498.11382021393803389951964005983002209238,1,0,1,0,0,0,0,0,0,0,0,0
1.2.826.0.1.3680043.8.498.11548045715264151632153040089882701935,0,0,0,0,0,0,0,1,1,0,1,0
1.2.826.0.1.3680043.8.498.11557620559191469069130827959098335840,1,0,0,1,0,1,0,1,0,0,0,0
1.2.826.0.1.3680043.8.498.11771393824519892797114773408583976756,0,1,0,0,0,0,0,0,0,0,1,0
1.2.826.0.1.3680043.8.498.11851412923016044948101698015974810604,0,0,1,1,1,0,1,1,0,0,0,1
1.2.826.0.1.3680043.8.498.11915937982684988073644209606907169581,0,0,0,1,0,1,1,1,1,1,0,0
1.2.826.0.1.3680043.8.498.12448079646359892252441208258836556945,0,0,0,0,0,0,1,0,1,0,0,0
1.2.826.0.1.3680043.8.498.12505035424093604269515328931488770819,1,1,0,1,0,0,0,1,0,0,0,1
1.2.826.0.1.3680043.8.498.12606657226568558340797193167488111973,1,1,0,1,0,0,0,0,0,0,0,0
1.2.826.0.1.3680043.8.498.12801308844398614687904447633432197492,0,0,1,1,1,0,0,1,1,1,1,0
1.2.826.0.1.3680043.8.498.12978510157202852202776899910529174803,0,0,0,0,0,0,0,0,0,0,0,1
1.2.826.0.1.3680043.8.498.13267780356245120052411517053322874891,0,0,0,1,0,0,0,0,0,0,0,1
1.2.826.0.1.3680043.8.498.13335129881737731410081002627729200903,1,0,1,1,1,1,1,1,1,1,0,0
1.2.826.0.1.3680043.8.498.15593638897292057356864060466120253309,0,0,0,1,1,1,1,0,1,0,0,0
1.2.826.0.1.3680043.8.498.16060119389060497136231217718921482192,0,0,1,1,1,1,1,1,1,1,0,1
1.2.826.0.1.3680043.8.498.17844546765907321649997094867791102711,1,0,0,0,0,0,0,1,0,0,0,1
1.2.826.0.1.3680043.8.498.18392509497170616983977319528036573378,1,0,1,0,0,0,0,1,1,0,1,1
1.2.826.0.1.3680043.8.498.22109739962224309418874538994436903404,0,0,0,1,1,1,0,0,0,1,0,0
1.2.826.0.1.3680043.8.498.25695966186129395049687747156570466645,0,0,1,1,1,0,0,1,1,0,0,0
1.2.826.0.1.3680043.8.498.26790702379506190936834447203448882465,1,0,0,0,0,0,0,0,0,0,1,0
1.2.826.0.1.3680043.8.498.27437263843446879932281897446100134924,0,0,1,0,0,0,0,0,0,0,0,0
1.2.826.0.1.3680043.8.498.28925345859498351203477642741908452608,0,0,1,1,1,0,1,0,0,1,0,0
1.2.826.0.1.3680043.8.498.29764868091238287072166823522853419550,1,0,0,0,0,0,0,0,0,0,1,1
1.2.826.0.1.3680043.8.498.30246079718471552972130572444383079911,1,0,1,1,0,0,0,1,1,0,1,1
1.2.826.0.1.3680043.8.498.32321830776739689645700555055955725945,1,1,0,0,0,0,1,1,1,0,1,1
1.2.826.0.1.3680043.8.498.37040910196459054543310335064167212742,1,0,1,1,0,0,0,1,1,0,1,1
1.2.826.0.1.3680043.8.498.37392127307867238524251864751713143683,0,0,0,0,0,0,0,0,0,0,1,1
1.2.826.0.1.3680043.8.498.39500553372517290823815606829518305500,0,0,0,1,0,1,1,1,1,0,0,0
1.2.826.0.1.3680043.8.498.41600498783384864111179175518614837125,1,0,1,0,0,0,0,0,0,0,1,0
1.2.826.0.1.3680043.8.498.47921753480592595198052407850568677187,0,0,1,0,0,0,0,1,1,0,0,1
1.2.826.0.1.3680043.8.498.48348615349418615469875801439348424274,0,1,0,0,0,0,0,0,0,0,0,0
1.2.826.0.1.3680043.8.498.48946580946665031852355005294734101132,1,0,0,0,0,0,0,1,0,0,1,0
1.2.826.0.1.3680043.8.498.54977581323931277817074741182670080450,0,0,0,1,0,0,0,0,0,0,0,0
1.2.826.0.1.3680043.8.498.56512564464301544960446419143135447363,0,0,0,0,1,0,1,1,1,0,0,0
1.2.826.0.1.3680043.8.498.59483999067816153759785789654766826710,1,0,0,0,0,0,0,1,1,0,1,1
1.2.826.0.1.3680043.8.498.62465595376489211274225312453216559395,1,1,1,0,0,1,0,1,1,0,0,1
1.2.826.0.1.3680043.8.498.62549354677638403845904556149868367236,1,1,0,1,0,0,0,1,1,0,1,0
1.2.826.0.1.3680043.8.498.64408609256163127278435484217683272910,0,0,1,0,1,0,0,1,1,1,0,0
1.2.826.0.1.3680043.8.498.64703506772167798469048460791472465039,0,1,1,1,0,0,0,1,0,0,1,1
1.2.826.0.1.3680043.8.498.65708905118633339771181857781063784327,0,0,1,1,1,1,1,1,1,1,0,0
1.2.826.0.1.3680043.8.498.67188121544063723837669983597453941774,1,0,1,0,0,0,0,1,0,0,0,0
1.2.826.0.1.3680043.8.498.69392348385274125385290015404144639002,0,0,0,0,0,0,1,0,0,0,0,0
1.2.826.0.1.3680043.8.498.72853333220043794904856138561095171921,0,1,0,0,0,0,0,0,0,0,0,0
1.2.826.0.1.3680043.8.498.73527530686853911124431549317032662220,1,0,0,0,0,0,1,1,0,0,1,1
1.2.826.0.1.3680043.8.498.73926443729786165628848843707532839995,0,0,1,0,0,0,1,1,1,0,0,0
1.2.826.0.1.3680043.8.498.75187434248356774277526985329346125190,1,0,1,0,0,0,1,1,0,1,1,0
1.2.826.0.1.3680043.8.498.77362718298550276679350855963451855003,0,0,0,0,0,1,0,1,1,0,1,0
1.2.826.0.1.3680043.8.498.78512215519177850923279235346968676828,0,0,1,0,1,0,1,0,0,0,0,0
1.2.826.0.1.3680043.8.498.82166943552764439138333504456139890254,1,0,1,1,1,0,0,1,0,0,0,0
1.2.826.0.1.3680043.8.498.86968600239724310678905311244945464037,1,0,1,0,0,0,0,1,0,0,0,0
1.2.826.0.1.3680043.8.498.88077418639301174409926781329613570435,1,0,1,1,1,1,1,1,1,1,0,0
1.2.826.0.1.3680043.8.498.90283565381042081768587894596970552767,0,0,0,0,0,0,1,1,1,0,0,0
1.2.826.0.1.3680043.8.498.94433753471890306108089557761231739312,0,0,0,0,0,0,0,0,0,1,0,0
1.2.826.0.1.3680043.8.498.97274720257634584071500649275217521662,1,0,1,0,0,0,0,0,1,1,1,1
1.2.826.0.1.3680043.8.498.12647791319443598318497312837147189300,0,0,,0,0,0,,0,0,0,0,0
1.2.826.0.1.3680043.8.498.10574706940531650593705137704922433109,0,0,0,0,0,0,1,0,0,0,0,0
1.2.826.0.1.3680043.8.498.42287188181305579531212818123200473947,0,0,1,0,0,0,0,,0,0,0,1
1.2.826.0.1.3680043.8.498.36193046155628980489031133466840036976,0,0,0,0,0,0,0,0,0,0,0,0
1.2.826.0.1.3680043.8.498.31175171249406459042393597291141275669,1,,0,0,0,0,0,1,1,0,1,0
1.2.826.0.1.3680043.8.498.13291943370279119939499960846843879156,1,0,0,0,0,0,0,0,0,1,1,0
1.2.826.0.1.3680043.8.498.12450858400030959723767712312663176092,0,0,1,0,0,0,0,0,,0,0,0
1.2.826.0.1.3680043.8.498.12135456587022560662140325717612726990,1,0,0,0,0,0,0,1,0,1,1,1
1.2.826.0.1.3680043.8.498.76093766204928582819565636658977147523,0,0,0,0,0,0,0,0,0,0,0,0
1.2.826.0.1.3680043.8.498.10738640862162795323010965765443420384,0,0,0,0,0,0,0,0,0,0,0,0
1.2.826.0.1.3680043.8.498.10675139840690240606562530926349987331,0,0,0,0,0,0,1,0,,0,0,0
1.2.826.0.1.3680043.8.498.12266644932420958618394322959047940542,0,0,0,0,0,0,0,0,0,0,0,0
1.2.826.0.1.3680043.8.498.30264599677934095429161619981918944098,0,0,0,0,0,0,0,0,0,0,0,0
1.2.826.0.1.3680043.8.498.33479806419966566464727310013949313521,0,0,1,1,0,0,0,0,,1,0,0
1.2.826.0.1.3680043.8.498.94635110520016467882028406590905441740,0,0,1,1,1,0,1,0,1,1,0,0
1.2.826.0.1.3680043.8.498.10601711635138681269270505152909539290,0,1,0,1,0,0,1,0,0,1,0,0
1.2.826.0.1.3680043.8.498.26002972602557466222471260313257965551,0,0,1,0,1,1,1,0,0,0,0,0
1.2.826.0.1.3680043.8.498.75605038901688937188489854019478082759,0,0,0,0,1,0,0,0,0,0,0,0
1.2.826.0.1.3680043.8.498.30672390215843894382866701432377109444,0,0,0,0,0,0,1,0,1,0,0,0
1.2.826.0.1.3680043.8.498.81740348974208459068937862799489495782,0,0,0,0,0,0,1,0,0,0,0,0
1.2.826.0.1.3680043.8.498.42967970121147528831983176261453235744,0,0,0,0,0,0,1,0,0,0,0,0
1.2.826.0.1.3680043.8.498.10150914432481980534086434136814789205,0,0,1,0,0,0,0,0,0,0,0,0
1.2.826.0.1.3680043.8.498.17092147498062993594620309531155267119,1,1,1,0,0,1,1,1,1,0,0,0
1.2.826.0.1.3680043.8.498.76222770668660274805993655800271653712,0,0,0,0,0,0,0,0,0,0,0,0
1.2.826.0.1.3680043.8.498.57829173797358025677240411871600928097,0,0,0,0,0,0,0,0,1,0,0,0
1.2.826.0.1.3680043.8.498.42942844751304929338846069579289911684,0,1,0,0,0,1,0,1,1,0,1,1
1.2.826.0.1.3680043.8.498.16225091905018667993201414191711776943,0,0,1,0,0,0,0,0,0,0,0,0
1.2.826.0.1.3680043.8.498.29384016102624554484300773136383156153,0,0,0,1,0,0,0,1,1,1,1,0
1.2.826.0.1.3680043.8.498.56880070152758706555016296832842012883,0,0,0,0,0,0,0,0,0,0,0,0
1.2.826.0.1.3680043.8.498.12438369033802887819851319347622787876,0,0,1,0,1,0,1,1,1,1,0,0
1.2.826.0.1.3680043.8.498.12257119852150088212071954292747252243,0,0,0,0,0,0,0,0,0,0,0,0
1.2.826.0.1.3680043.8.498.67456402757136973484427155324664966595,1,0,0,1,,1,1,1,1,1,0,0
1.2.826.0.1.3680043.8.498.12326930847104022196329390608780066947,0,0,0,0,0,0,0,0,,0,0,0
1.2.826.0.1.3680043.8.498.62420632149863295140175740643640707423,0,0,,0,0,0,0,0,0,0,0,0
1.2.826.0.1.3680043.8.498.58654915518882480245974544469656013058,0,0,1,1,0,0,0,0,0,0,0,0
1.2.826.0.1.3680043.8.498.40086005762552976451418579375198597540,0,0,0,0,0,0,0,0,0,0,0,0
1.2.826.0.1.3680043.8.498.11043081829401721095803441219553837608,0,0,1,0,0,0,0,0,0,1,0,0
1.2.826.0.1.3680043.8.498.84483080389344581106129884869678629612,0,0,1,1,1,,0,1,1,1,0,1
1.2.826.0.1.3680043.8.498.13004048880335015585285100185910148808,0,0,0,0,0,0,0,0,0,0,0,0
1.2.826.0.1.3680043.8.498.67153684605171746899496816770567866269,,0,1,1,0,1,1,1,0,0,0,0
1.2.826.0.1.3680043.8.498.11912618147674655465071922267060032851,0,0,1,0,0,0,1,1,1,1,1,1
1.2.826.0.1.3680043.8.498.46745172905542117506863575411125924241,0,0,0,0,0,0,0,0,0,0,0,0
1.2.826.0.1.3680043.8.498.63195088465290711580668024587233364997,0,0,0,1,0,1,0,,,0,0,0
1.2.826.0.1.3680043.8.498.24866943620580666216571030343221534720,0,0,0,0,0,0,0,0,0,0,0,0
1.2.826.0.1.3680043.8.498.11659861228342609979638095779959188093,0,0,1,,0,0,0,0,0,1,0,0
1.2.826.0.1.3680043.8.498.11103894265181149878864749992746236768,0,0,0,0,0,0,0,0,,0,0,0
1.2.826.0.1.3680043.8.498.32328699307307661181881949763360098439,0,0,0,0,0,0,,0,0,0,,0
1.2.826.0.1.3680043.8.498.45811964949115542204306831813385709206,0,0,,0,0,0,0,,0,0,0,0
1.2.826.0.1.3680043.8.498.11927352926669104658144933891780551483,0,0,0,0,0,0,0,0,0,0,0,0
1.2.826.0.1.3680043.8.498.33614319611050071354692274770073371314,0,0,1,1,1,1,1,1,1,1,0,0
1.2.826.0.1.3680043.8.498.12408933790879905193765468926022393696,0,0,0,0,0,0,0,0,0,1,0,0
1.2.826.0.1.3680043.8.498.67468397709097947104298147948850473142,,0,1,0,1,0,1,0,0,0,0,0
1.2.826.0.1.3680043.8.498.42965031665568825650795822006244115609,1,0,0,1,0,1,0,1,,0,0,0
1.2.826.0.1.3680043.8.498.82591599611540849522609405219902904134,1,0,0,0,0,0,0,0,0,0,0,0
1.2.826.0.1.3680043.8.498.63683477631564232018930819747238111809,0,0,0,0,0,0,0,0,0,0,0,0
1.2.826.0.1.3680043.8.498.17836815413824722543229791044312174885,0,0,1,0,,0,1,0,0,0,0,0
1.2.826.0.1.3680043.8.498.65124952546314712352837396207287384405,1,1,1,1,0,0,0,1,1,1,0,1
1.2.826.0.1.3680043.8.498.61490475141024845836646569993549106628,,0,1,1,1,1,1,1,1,1,0,0
1.2.826.0.1.3680043.8.498.28220626968612492259133318770141901567,0,0,1,0,0,0,1,0,0,0,0,0
1.2.826.0.1.3680043.8.498.40608233778918249560056537030108548037,,0,0,1,0,0,0,0,0,0,0,0
1.2.826.0.1.3680043.8.498.11716730437469973434747875401501334429,1,1,1,1,1,0,0,0,1,0,1,1
1.2.826.0.1.3680043.8.498.19830663206351645385520268848711462246,0,0,0,0,0,0,0,0,0,0,0,0
1.2.826.0.1.3680043.8.498.36185754164795053628650116141620545139,0,0,1,0,1,0,1,0,0,0,0,0
1.2.826.0.1.3680043.8.498.17985756708438762670829959560049370730,0,0,,0,0,0,0,0,0,0,0,0
1.2.826.0.1.3680043.8.498.85326542895076582985200613540648336047,0,0,0,1,0,1,1,1,1,0,0,0
1.2.826.0.1.3680043.8.498.67374476726034608591738910363595695123,0,0,1,0,1,0,1,0,1,1,0,0
1.2.826.0.1.3680043.8.498.41240503248178304281405515398211762506,0,0,1,1,1,1,1,0,0,1,0,0
1.2.826.0.1.3680043.8.498.30517381653283520211188050362394799510,1,0,1,0,0,0,0,0,0,0,0,0
1.2.826.0.1.3680043.8.498.54099199514076260519579096546600505763,0,0,0,,0,1,1,0,0,0,0,0
1.2.826.0.1.3680043.8.498.11340429352365972769264064439788186260,0,0,0,1,0,0,1,0,0,0,0,0
1.2.826.0.1.3680043.8.498.32571577475600416042179474541176580933,0,0,0,1,0,0,0,1,1,0,1,1
1.2.826.0.1.3680043.8.498.10740857795874468664161171813136103519,0,0,1,0,1,0,1,0,1,1,0,0
1.2.826.0.1.3680043.8.498.52010826440192227660457107121818389761,0,0,0,1,0,0,0,0,0,0,0,1
1.2.826.0.1.3680043.8.498.71830371861099586573789550797712053914,0,0,0,1,0,,1,0,0,0,0,0
1.2.826.0.1.3680043.8.498.40718200801895968234499223301900799376,0,0,1,0,1,0,0,0,,,0,0
1.2.826.0.1.3680043.8.498.11590096889491409910425456896187293515,0,,0,0,0,0,0,0,0,0,0,0
1.2.826.0.1.3680043.8.498.28490861391717560759667589681288427737,0,0,1,1,1,0,1,1,1,0,,1
1.2.826.0.1.3680043.8.498.51886877282987244004912794726043055730,0,0,1,0,0,0,0,0,0,0,0,0
1.2.826.0.1.3680043.8.498.28746954364434312909368235768936980607,0,0,0,,0,1,0,0,0,0,0,0
1.2.826.0.1.3680043.8.498.93104685852024334015651558514195715956,0,0,0,0,0,0,1,0,0,1,0,1
1.2.826.0.1.3680043.8.498.70705483212961922828901596159131697717,0,0,0,0,0,0,1,0,1,1,0,0
1.2.826.0.1.3680043.8.498.84238814030979264404768702945290704724,0,0,0,0,0,0,0,0,0,0,0,0
1.2.826.0.1.3680043.8.498.13371001997511542011416510364359588752,0,0,0,0,0,1,1,0,0,0,0,0
1.2.826.0.1.3680043.8.498.40196271329411009311273016603705560443,0,0,0,0,0,0,0,0,0,0,0,0
1.2.826.0.1.3680043.8.498.36679002788952511154610176614545192374,0,0,0,0,0,0,0,0,0,0,0,0
1.2.826.0.1.3680043.8.498.39624624539323722688093816284210287611,0,0,1,0,1,0,1,0,0,1,0,0
1.2.826.0.1.3680043.8.498.77416382267531567401698555072875486512,0,0,1,0,0,0,0,0,0,0,0,0
1.2.826.0.1.3680043.8.498.71636001534145439773297498405674521629,1,0,0,0,0,0,1,1,1,0,1,1
1.2.826.0.1.3680043.8.498.63216944317982327305447295456609309952,0,0,0,0,0,0,1,0,0,0,0,0
1.2.826.0.1.3680043.8.498.30423643741419627789701272644909134762,0,0,0,0,1,0,1,0,,1,0,0
1.2.826.0.1.3680043.8.498.13263128568157735797391439005687112733,0,0,1,0,0,0,0,0,0,0,0,0
1.2.826.0.1.3680043.8.498.95490888360439852685783476266753304657,0,0,1,0,0,0,1,0,0,0,0,0
1.2.826.0.1.3680043.8.498.91727248305411866145131034915485728037,0,0,0,0,0,0,0,0,0,0,0,0
1.2.826.0.1.3680043.8.498.12215902620611618183321984433114460986,0,0,0,0,0,0,0,0,0,0,0,0
1.2.826.0.1.3680043.8.498.11129751904857491327872353316480050290,0,0,1,0,0,0,1,0,0,0,0,0
1.2.826.0.1.3680043.8.498.12616376042564380071463081913949255574,0,0,0,0,0,0,0,0,0,0,0,0
1.2.826.0.1.3680043.8.498.15428051518761311558410606976607852351,0,0,1,1,1,0,1,0,0,1,0,0
1.2.826.0.1.3680043.8.498.17123244662958741977525806700986256210,1,0,1,0,0,0,0,1,1,0,0,0
1.2.826.0.1.3680043.8.498.76122127303562588545128053661609574837,0,0,1,0,0,1,1,0,0,0,0,0
1.2.826.0.1.3680043.8.498.11530446425918247469882351709851883983,0,0,0,0,0,0,0,0,0,0,0,0
